long,lat,materiales,dias_y_horario,direccion,barrio
-58.46530947,-34.56722639,Papel / Cartón / Vidrio / Metal / Plástico / Tetra-brik / Telgopor,Miércoles a Domingos de 11 a 19hs.,CONDE y JURAMENTO,Belgrano
-58.42494508,-34.58921874,Papel / Cartón / Vidrio / Metal / Plástico / Tetra-brik / Telgopor / Aceite vegetal usado,Miércoles a Domingos de 11 a 19hs.,MALABIA y COSTA RICA,Palermo
-58.46839172,-34.54708679,Papel / Cartón / Vidrio / Metal / Plástico / Tetra-brik / Telgopor / Aceite vegetal usado,Miércoles a Domingos de 11 a 19hs.,MANZANARES y VUELTA DE OBLIGADO,Nuñez
-58.50388387,-34.57631328,Papel / Cartón / Vidrio / Metal / Plástico / Tetra-brik / Telgopor / Aceite vegetal usado,Miércoles a Domingos de 11 a 19hs.,"ARTIGAS, JOSE GERVASIO, GRAL. y LARSEN",Villa Pueyrredon
-58.48345186,-34.62962551,Papel / Cartón / Vidrio / Metal / Plástico / Tetra-brik / Telgopor / Aceite vegetal usado,Miércoles a Domingos de 11 a 19hs.,AVELLANEDA AV. y CHIVILCOY,Floresta
-58.51663173,-34.64946145,Aparatos de informática y comunicación (hasta 3 unid. y accesorios) /pequeños electrodomésticos (hasta 3 un.)/ papel / cartón / metal / vidrio / plástico / telgopor / tetra-brik / Aceite Vegetal usado,Miércoles a Domingos de 11 a 19hs.,"DE LA TORRE, LISANDRO y PATRON",Liniers
-58.44020339,-34.6617677,Papel / Cartón / Vidrio / Metal / Plástico / Tetra-brik / Telgopor / Aceite vegetal usado,Miércoles a Domingos de 11 a 19hs.,"CORREA MORALES, LUCIO y LAFUENTE",Villa Soldati
-58.44196087,-34.635717,Papel / Cartón / Vidrio / Metal / Plástico / Tetra-brik / Telgopor,Miércoles a Domingos de 11 a 19hs.,ASAMBLEA AV. y HORTIGUERA,Parque Chacabuco
-58.41891917,-34.60531301,Aparatos de informática y comunicación (hasta 3 unid. y accesorios) /pequeños electrodomésticos (hasta 3 un.)/ papel / cartón / metal / vidrio / plástico / telgopor / tetra-brik / Aceite Vegetal usado,Miércoles a Domingos de 11 a 19hs.,SARMIENTO y BULNES,Almagro
-58.37454159,-34.63767369,Papel / Cartón / Vidrio / Metal / Plástico / Tetra-brik / Telgopor / Aceite vegetal usado,Miércoles a Domingos de 11 a 19hs.,"MONTES DE OCA, MANUEL AV. y BRANDSEN",Barracas
-58.40375464,-34.61719617,Papel / Cartón / Vidrio / Metal / Plástico / Tetra-brik / Telgopor / Aceite vegetal usado,Miércoles a Domingos de 11 a 19hs.,JUJUY AV. y MEXICO,Balvanera
-58.3758557,-34.62216217,Papel / Cartón / Vidrio / Metal / Plástico / Tetra-brik / Telgopor / Aceite vegetal usado,Miércoles a Domingos de 11 a 19hs.,SAN JUAN AV. y CHACABUCO,San Telmo
-58.43305061,-34.60644587,Aparatos de informática y comunicación (hasta 3 unid. y accesorios) /pequeños electrodomésticos (hasta 3 un.)/ papel / cartón / metal / vidrio / plástico / telgopor / tetra-brik / Aceite Vegetal usado,Miércoles a Domingos de 10 a 19 hs.,"PATRICIAS ARGENTINAS AV. y ROENTGEN, AV.",Caballito
-58.48147583,-34.55182184,Papel / Cartón / Vidrio / Metal / Plástico / Tetra-brik / Telgopor / Aceite vegetal usado,Miércoles a Domingos de 11 a 19hs.,"PEREZ, ROQUE y PAROISSIEN",Saavedra
-58.46266395,-34.58011018,Papel / Cartón / Vidrio / Metal / Plástico / Tetra-brik / Telgopor / Aceite vegetal usado,Miércoles a Domingos de 11 a 19hs.,CHARLONE y HEREDIA,Villa Ortuzar
-58.40781131,-34.59777404,Papel / Cartón / Vidrio / Metal / Plástico / Tetra-brik / Telgopor,Miércoles a Domingos de 11 a 19hs.,"ANCHORENA, TOMAS MANUEL DE, DR. y CORDOBA AV.",Balvanera
-58.49346439,-34.60587581,Papel / Cartón / Vidrio / Metal / Plástico / Tetra-brik / Telgopor / Aceite vegetal usado,Miércoles a Domingos de 11 a 19hs.,CAMPANA y BAIGORRIA,Villa Del Parque
-58.39812601,-34.61118274,Papel / Cartón / Vidrio / Metal / Plástico / Tetra-brik / Telgopor / Aceite vegetal usado,Miércoles a Domingos de 11 a 19hs.,"YRIGOYEN, HIPOLITO y PASCO",Balvanera
-58.41273111,-34.62209983,Papel / Cartón / Vidrio / Metal / Plástico / Tetra-brik / Telgopor / Aceite vegetal usado,Miércoles a Domingos de 11 a 19hs.,ESTADOS UNIDOS y SANCHEZ DE LORIA,Boedo
-58.47530552,-34.68783243,Papel / Cartón / Vidrio / Metal / Plástico / Tetra-brik / Telgopor / Aceite vegetal usado,Miércoles a Domingos de 11 a 19hs.,"PIEDRA BUENA AV. y FERNANDEZ DE LA CRUZ, F., GRAL. AV.",Villa Riachuelo
-58.44855391,-34.59224067,Aparatos de informática y comunicación (hasta 3 unid. y accesorios) /pequeños electrodomésticos (hasta 3 un.)/ papel / cartón / metal / vidrio / plástico / telgopor / tetra-brik /Aceite Vegetal usado,Miércoles a Domingos de 11 a 19 hs.,DORREGO AV. y GUZMAN,Chacarita
-58.41616255,-34.58929302,Aparatos de informática y comunicación (hasta 3 unid. y accesorios) /pequeños electrodomésticos (hasta 3 un.)/ papel / cartón / metal / vidrio / plástico / telgopor / tetra-brik / Aceite Vegetal usado,Miércoles a Domingos de 11 a 19hs.,MEDRANO y CHARCAS,Palermo
-58.4545476,-34.56193901,Aparatos de informática y comunicación (hasta 3 unid. y accesorios) /pequeños electrodomésticos (hasta 3 un.)/ papel / cartón / metal / vidrio / plástico / telgopor / tetra-brik / Aceite Vegetal usado,Miércoles a Domingos de 11 a 19 hs.,CUBA y JURAMENTO AV.,Belgrano
-58.51242926,-34.60035419,Aparatos de informática y comunicación (hasta 3 unid. y accesorios) /pequeños electrodomésticos (hasta 3 un.)/ papel / cartón / metal / vidrio / plástico / telgopor / tetra-brik / Aceite Vegetal usado,Miércoles a Domingos de 10 a 19 hs.,NUEVA YORK y MERCEDES,Villa Devoto
-58.5084849,-34.62645579,Aparatos de informática y comunicación (hasta 3 unid. y accesorios) /pequeños electrodomésticos (hasta 3 un.)/ papel / cartón / metal / vidrio / plástico / telgopor / tetra-brik / Aceite Vegetal usado,Miércoles a Domingos de 11 a 19 hs.,"LOPE DE VEGA AV. y GONZALEZ, ELPIDIO",Monte Castro
-58.48179472,-34.64333194,Papel / Cartón / Vidrio / Metal / Plástico / Tetra-brik / Telgopor / Aceite vegetal usado,Miércoles a Domingos de 11 a 19 hs.,DIRECTORIO AV. y FERNANDEZ,Parque Avellaneda
-58.46422004,-34.62803592,Papel / Cartón / Vidrio / Metal / Plástico / Tetra-brik / Telgopor / Aceite vegetal usado,Miércoles a Domingos de 11 a 19 hs.,"YERBAL y ARTIGAS, JOSE GERVASIO, GRAL.",Flores
-58.43419275,-34.61749012,Papel / Cartón / Vidrio / Metal / Plástico / Tetra-brik / Telgopor / Aceite vegetal usado,Miércoles a Domingos de 11 a 19 hs.,"RIVADAVIA AV. y BALCARCE, FLORENCIO",Caballito
-58.40622404,-34.63796999,Papel / Cartón / Vidrio / Metal / Plástico / Tetra-brik / Telgopor / Aceite vegetal usado,Miércoles a Domingos de 11 a 19 hs.,CASEROS AV. y MONTEAGUDO,Parque Patricios
-58.40472561,-34.62425148,Papel / Cartón / Vidrio / Metal / Plástico / Tetra-brik / Telgopor / Aceite vegetal usado,Miércoles a Domingos de 11 a 19 hs.,SAN JUAN AV. y DEAN FUNES,San Cristobal
-58.46476727,-34.67750162,Papel / Cartón / Vidrio / Metal / Plástico / Tetra-brik / Telgopor / Aceite vegetal usado,Miércoles a Domingos de 11 a 19 hs.,"POLA y FERNANDEZ DE LA CRUZ, F., GRAL. AV.",Villa Lugano
-58.45834212,-34.61372266,Papel / Cartón / Vidrio / Metal / Plástico / Tetra-brik / Telgopor / Aceite vegetal usado,Miércoles a Domingos de 11 a 19 hs.,"ALVAREZ, DONATO, TTE. GRAL. y GAONA AV.",Caballito
-58.48775735,-34.55956181,Papel / Cartón / Vidrio / Metal / Plástico / Tetra-brik / Telgopor,Miércoles a Domingos de 11 a 19 hs.,"LARRALDE, CRISOLOGO AV. y ACHA, MARIANO, GRAL.",Saavedra
-58.52089072,-34.62805376,Papel / Cartón / Vidrio / Metal / Plástico / Tetra-brik / Telgopor / Aceite vegetal usado,Miércoles a Domingos de 11 a 19 hs.,ARREGUI AV. y LISBOA,Versalles
-58.46808933,-34.61041256,Papel / Cartón / Vidrio / Metal / Plástico / Tetra-brik / Telgopor / Aceite vegetal usado,Miércoles a Domingos de 11 a 19 hs.,"ESCALADA DE SAN MARTIN, R. y BOYACA",Villa Gral. Mitre
-58.49148112,-34.60247668,Papel / Cartón / Vidrio / Metal / Plástico / Tetra-brik / Telgopor,Horario de atención del edificio en el que está instalado,NOGOYA 3045,Villa Del Parque
-58.44440108,-34.58319173,Papel / Cartón / Vidrio / Metal / Plástico / Tetra-brik / Telgopor,Horario de atención del edificio en el que está instalado,"DORREGO AV. y VEGA, NICETO, CNEL. AV.",Palermo
-58.45782844,-34.56248415,Papel / Cartón / Vidrio / Metal / Plástico / Tetra-brik / Telgopor,Horario de atención del edificio en el que está instalado,JURAMENTO AV. 2501,Belgrano
-58.43787171,-34.58354834,Papel / Cartón / Vidrio / Metal / Plástico / Tetra-brik / Telgopor,Horario de atención del edificio en el que está instalado,BONPLAND 1660,Palermo
-58.39221811,-34.59977926,Papel / Cartón / Vidrio / Metal / Plástico / Tetra-brik / Telgopor,Horario de atención del edificio en el que está instalado,CORDOBA AV. 1750,San Nicolas
-58.37953995,-34.65482723,Papel / Cartón / Vidrio / Metal / Plástico / Tetra-brik / Telgopor,Horario de atención del edificio en el que está instalado,ALGARROBO 1041,Barracas
-58.37048123,-34.60592486,Papel / Cartón / Vidrio / Metal / Plástico / Tetra-brik / Telgopor,Horario de atención del edificio en el que está instalado,"ALEM, LEANDRO N. AV. 150",San Nicolas
-58.48349323,-34.63194291,Papel / Cartón / Vidrio / Metal / Plástico / Tetra-brik / Telgopor,Horario de atención del edificio en el que está instalado,BACACAY 3968,Floresta
-58.43280775,-34.6056005,Papel / Cartón / Vidrio / Metal / Plástico / Tetra-brik / Telgopor,Horario de atención del edificio en el que está instalado,PATRICIAS ARGENTINAS AV. 277,Caballito
-58.40929504,-34.58715392,Papel / Cartón / Vidrio / Metal / Plástico / Tetra-brik / Telgopor,Horario de atención del edificio en el que está instalado,BERUTI 3325,Palermo
-58.44155736,-34.62111798,Papel / Cartón / Vidrio / Metal / Plástico / Tetra-brik / Telgopor,Horario de atención del edificio en el que está instalado,RIVADAVIA AV. 5430,Caballito
-58.36983464,-34.62896673,Papel / Cartón / Vidrio / Metal / Plástico / Tetra-brik / Telgopor,Horario de atención del edificio en el que está instalado,"GARCIA, MARTIN AV. 346",Boca
-58.45102365,-34.55727128,Papel / Cartón / Vidrio / Metal / Plástico / Tetra-brik / Telgopor,"Lunes a Domingo, las 24 hs.",ARRIBEÑOS 2200,Belgrano
-58.37500573,-34.60720213,Papel / Cartón / Vidrio / Metal / Plástico / Tetra-brik / Telgopor,"Lunes a Domingo, las 24 hs.","SAENZ PEÑA, ROQUE, PRES. DIAGONAL NORTE AV. y FLORIDA",San Nicolas
-58.39174423,-34.58385443,Papel / Cartón / Vidrio / Metal / Plástico / Tetra-brik / Telgopor,"Lunes a Domingo, las 24 hs.","FIGUEROA ALCORTA, PRES. AV. 2200",Recoleta
-58.3908671,-34.58793122,Papel / Cartón / Vidrio / Metal / Plástico / Tetra-brik / Telgopor,"Lunes a Domingo, las 24 hs.","QUINTANA, MANUEL, PRES. AV. 500",Recoleta
-58.40347519,-34.57732987,Papel / Cartón / Vidrio / Metal / Plástico / Tetra-brik / Telgopor,"Lunes a Domingo, las 24 hs.","FIGUEROA ALCORTA, PRES. AV. 3400",Palermo
-58.37560074,-34.596441,Papel / Cartón / Vidrio / Metal / Plástico / Tetra-brik / Telgopor,"Lunes a Domingo, las 24 hs.","ALVEAR, MARCELO T. DE 600",Retiro
-58.36571313,-34.61291701,Papel / Cartón / Vidrio / Metal / Plástico / Tetra-brik / Telgopor,"Lunes a Domingo, las 24 hs.",GORRITI JUANA MANUELA 1200,Puerto Madero
-58.47332563,-34.62199067,Aparatos de informática y comunicación (hasta 3 unid. y accesorios) /pequeños electrodomésticos (hasta 3 un.)/ papel / cartón / metal / vidrio / plástico / telgopor / tetra-brik / Aceite Vegetal usado,Miércoles a Domingos de 11 a 19 hs.,NAZCA  AV. y NEUQUEN,Flores
-58.48448704,-34.58797919,Papel / Cartón / Vidrio / Metal / Plástico / Tetra-brik / Telgopor,Miércoles a Domingos de 11 a 19 hs.,BUCAREST y HAMBURGO,Parque Chas
-58.49869138,-34.61626099,Papel / Cartón / Vidrio / Metal / Plástico / Tetra-brik / Telgopor,Horario de atención del edificio en el que está instalado,ALVAREZ JONTE AV. 4180,Monte Castro
-58.42476729,-34.65025724,Papel / Cartón / Vidrio / Metal / Plástico / Tetra-brik / Telgopor,Horario de atención del edificio en el que está instalado,BARCO CENTENERA DEL 2906,Nueva Pompeya
-58.36568154,-34.60801971,Papel / Cartón / Vidrio / Metal / Plástico / Tetra-brik / Telgopor,"Lunes a Domingo, las 24 hs.",GORRITI JUANA MANUELA 800,Puerto Madero
-58.51268484,-34.63413553,Papel / Cartón / Vidrio / Metal / Plástico / Tetra-brik / Telgopor,Horario de atención del edificio en el que está instalado,"JUSTO, JUAN B. AV. 8800",Versalles
-58.46718612,-34.58839287,Papel / Cartón / Vidrio / Metal / Plástico / Tetra-brik / Telgopor,Miércoles a Domingos de 11 a 19 hs.,MONTENEGRO y HEREDIA,Villa Ortuzar
-58.50284312,-34.66010777,Papel / Cartón / Vidrio / Metal / Plástico / Tetra-brik / Telgopor / Aceite vegetal usado,Miércoles a Domingos de 11 a 19 hs.,"DIRECTORIO AV. y DE LA TORRE, LISANDRO AV.",Mataderos
-58.3990099,-34.59664921,Papel / Cartón / Vidrio / Metal / Plástico / Tetra-brik / Telgopor,Horario de atención del edificio en el que está instalado,"URIBURU JOSE E., PRES. 1022",Recoleta
-58.44482945,-34.60488276,Papel / Cartón / Vidrio / Metal / Plástico / Tetra-brik / Telgopor,Miércoles a Domingos de 11 a 19 hs.,ANTEZANA y OLAYA,Villa Crespo
-58.47437319,-34.64594559,Papel / Cartón / Vidrio / Metal / Plástico / Tetra-brik / Telgopor,Horario de atención del edificio en el que está instalado,LACARRA AV. 1257,Parque Avellaneda
-58.49114089,-34.62219842,Papel / Cartón / Vidrio / Metal / Plástico / Tetra-brik / Telgopor,Horario de atención del edificio en el que está instalado,MERCEDES 1300,Floresta
-58.44462288,-34.63304625,Papel / Cartón / Vidrio / Metal / Plástico / Tetra-brik / Telgopor,Horario de atención del edificio en el que está instalado,"PERON, EVA AV. 1410",Parque Chacabuco
-58.44397737,-34.58007664,Papel / Cartón / Vidrio / Metal / Plástico / Tetra-brik / Telgopor,Horario de atención del edificio en el que está instalado,"FREIRE, RAMON, CAP. GRAL. 120",Colegiales
-58.44137916,-34.58702427,Papel / Cartón / Vidrio / Metal / Plástico / Tetra-brik / Telgopor,Horario de atención del edificio en el que está instalado,CORDOBA  AV. 5690,Chacarita
-58.37645975,-34.63832573,Papel / Cartón / Vidrio / Metal / Plástico / Tetra-brik / Telgopor,Horario de atención del edificio en el que está instalado,"HORNOS, GRAL. y BRANDSEN",Barracas
-58.38938108,-34.64927141,Papel / Cartón / Vidrio / Metal / Plástico / Tetra-brik / Telgopor,Horario de atención del edificio en el que está instalado,VELEZ SARSFIELD AV. 1271,Barracas
-58.48951669,-34.57251874,Aparatos de informática y comunicación (hasta 3 unid. y accesorios) /pequeños electrodomésticos (hasta 3 un.)/ papel / cartón / metal / vidrio / plástico / telgopor / tetra-brik / Aceite Vegetal usado,Miércoles a Domingos de 11 a 19 hs.,"RIVERA, PEDRO I., DR. y BAUNESS",Villa Urquiza
-58.52015213,-34.65745597,Papel / Cartón / Vidrio / Metal / Plástico / Tetra-brik / Telgopor / Aceite vegetal usado,Miércoles a Domingos de 11 a 19 hs.,ERCILLA 7502,Mataderos
-58.47774627,-34.56851811,Papel / Cartón / Vidrio / Metal / Plástico / Tetra-brik / Telgopor,Horario de atención del edificio en el que está instalado,HOLMBERG 2548,Villa Urquiza
-58.40887384,-34.63956929,Papel / Cartón / Vidrio / Metal / Plástico / Tetra-brik / Telgopor,Horario de atención del edificio en el que está instalado,PEPIRI 135,Parque Patricios
-58.40853244,-34.62625078,Papel / Cartón / Vidrio / Metal / Plástico / Tetra-brik / Telgopor,Horario de atención del edificio en el que está instalado,ORURO 1310,San Cristobal
-58.40223634,-34.5734403,Papel / Cartón / Vidrio / Metal / Plástico / Tetra-brik / Telgopor,Horario de atención del edificio en el que está instalado,"SALGUERO, JERONIMO 3450",Recoleta
-58.48394853,-34.64706814,Papel / Cartón / Vidrio / Metal / Plástico / Tetra-brik / Telgopor,Miércoles a Domingos de 11 a 19 hs.,OLIVERA AV. 824,Parque Avellaneda
-58.43008052,-34.57370405,Papel / Cartón / Vidrio / Metal / Plástico / Tetra-brik / Telgopor,Horario de atención del edificio en el que está instalado,HUERGO 131,Palermo
-58.3786195,-34.64158177,Papel / Cartón / Vidrio / Metal / Plástico / Tetra-brik / Telgopor,Horario de atención del edificio en el que está instalado,SUAREZ AV. 2032,
-58.45518293,-34.68483713,Papel / Cartón / Vidrio / Metal / Plástico / Tetra-brik / Telgopor,Horario de atención del edificio en el que está instalado,"ROCA, CNEL. AV. 5252",
-58.43849876,-34.54702281,Papel / Cartón / Vidrio / Metal / Plástico / Tetra-brik / Telgopor,Miércoles a Domingos de 11 a 19 hs.,"GUIRALDES, INT. 2560",
-58.44989528,-34.55795601,Papel / Cartón / Vidrio / Metal / Plástico / Tetra-brik / Telgopor,"Lunes a Domingo, las 24 hs.",ARRIBEÑOS 2101,
-58.36944859,-34.62832169,Papel / Cartón / Vidrio / Metal / Plástico / Tetra-brik / Telgopor,"Lunes a Domingo, las 24 hs.","GARCIA, MARTIN AV. e IRALA",San Telmo
-58.4259272,-34.58873049,Papel / Cartón / Vidrio / Metal / Plástico / Tetra-brik / Telgopor,"Lunes a Domingo, las 24 hs.",COSTA RICA Y ARMENIA,Palermo
-58.4488318,-34.61845523,Papel / Cartón / Vidrio / Metal / Plástico / Tetra-brik / Telgopor,Horario de atención del edificio en el que está instalado,AVELLANEDA  AV. 1240,Caballito
-58.39368823,-34.58905542,Papel / Cartón / Vidrio / Metal / Plástico / Tetra-brik / Telgopor,Horario de atención del edificio en el que está instalado,"LOPEZ, VICENTE 2050",Recoleta
-58.38218936,-34.59523331,Papel / Cartón / Vidrio / Metal / Plástico / Tetra-brik / Telgopor,"Lunes a Domingo, las 24 hs.",9 DE JULIO AV. y SANTA FE AV.,Retiro
-58.39678188,-34.58802782,Aparatos de informática y comunicación (hasta 3 unid. y accesorios) /pequeños electrodomésticos (hasta 3 un.)/ papel / cartón / metal / vidrio / plástico / telgopor / tetra-brik / Aceite Vegetal usado,Miércoles a Domingos de 11 a 19hs.,LAS HERAS GENERAL AV. y CANTILO,Recoleta
-58.39144238,-34.59876453,Papel / Cartón / Vidrio / Metal / Plástico / Tetra-brik / Telgopor,Miércoles a Domingos de 11 a 19hs.,RODRIGUEZ PEÑA y PARAGUAY,Recoleta
-58.40854451,-34.62613428,Aparatos de informática y comunicación (hasta 3 unid. y accesorios) /pequeños electrodomésticos (hasta 3 un.)/ papel / cartón / metal / vidrio / plástico / telgopor / tetra-brik / Aceite Vegetal usado,Miércoles a Domingos de 11 a 19hs.,"URQUIZA, GRAL. y COCHABAMBA",San Cristobal
-58.3965787,-34.62819918,Aparatos de informática y comunicación (hasta 3 unid. y accesorios) /pequeños electrodomésticos (hasta 3 un.)/ papel / cartón / metal / vidrio / plástico / telgopor / tetra-brik / Aceite Vegetal usado,Miércoles a Domingos de 11 a 19hs.,"GARAY, JUAN DE AV. y PICHINCHA",Parque Patricios
-58.38874399,-34.65088541,Papel / Cartón / Vidrio / Metal / Plástico / Tetra-brik / Telgopor,Miércoles a Domingos de 11 a 19hs.,"VELEZ SARSFIELD AV. y IRIARTE, GRAL. AV.",Barracas
-58.45742072,-34.62189744,Papel / Cartón / Vidrio / Metal / Plástico / Tetra-brik / Telgopor,Miércoles a Domingos de 11 a 19hs.,AVELLANEDA AV. y CALCENA,Flores
-58.50081356,-34.59024037,Papel / Cartón / Vidrio / Metal / Plástico / Tetra-brik / Telgopor,Miércoles a Domingos de 11 a 19hs.,HABANA y ARGERICH,Villa Pueyrredon
-58.47508614,-34.57302653,Papel / Cartón / Vidrio / Metal / Plástico / Tetra-brik / Telgopor,Miércoles a Domingos de 11 a 19hs.,JURAMENTO y DONADO,Villa Urquiza
-58.44477654,-34.58094043,Papel / Cartón / Vidrio / Metal / Plástico / Tetra-brik / Telgopor / Aceite vegetal usado,Miércoles a Domingos de 11 a 19hs.,"CONDE y ARENAL, CONCEPCION",Colegiales
-58.40460716,-34.57647249,Papel / Cartón / Vidrio / Metal / Plástico / Tetra-brik / Telgopor,Miércoles a Domingos de 11 a 19hs.,"FIGUEROA ALCORTA, PRES. AV. y SALGUERO, JERONIMO",Palermo
-58.3817371,-34.61707313,Papel / Cartón / Vidrio / Metal / Plástico / Tetra-brik / Telgopor,Horario de atención del edificio en el que está instalado,LIMA 775,Monserrat
-58.37718637,-34.59188065,Papel / Cartón / Vidrio / Metal / Plástico / Tetra-brik / Telgopor,Horario de atención del edificio en el que está instalado,DEL LIBERTADOR AV. 238,Retiro
-58.37454769,-34.61674906,Papel / Cartón / Vidrio / Metal / Plástico / Tetra-brik / Telgopor,Horario de atención del edificio en el que está instalado,PERU 759,San Telmo
-58.36658072,-34.61847337,Papel / Cartón / Vidrio / Metal / Plástico / Tetra-brik / Telgopor,Horario de atención del edificio en el que está instalado,"HUERGO, ING. AV. 949",San Telmo
-58.37502524,-34.61016509,Papel / Cartón / Vidrio / Metal / Plástico / Tetra-brik / Telgopor,Horario de atención del edificio en el que está instalado,"ROCA, JULIO A., PRESIDENTE DIAGONAL SUR AV. 609",Monserrat
-58.37514724,-34.61026975,Papel / Cartón / Vidrio / Metal / Plástico / Tetra-brik / Telgopor,Horario de atención del edificio en el que está instalado,"ROCA, JULIO A., PRESIDENTE DIAGONAL SUR AV. 609",Monserrat
-58.3885474,-34.60428674,Papel / Cartón / Vidrio / Metal / Plástico / Tetra-brik / Telgopor,Horario de atención del edificio en el que está instalado,CORRIENTES AV. 1530,San Nicolas
-58.36940346,-34.60408617,Papel / Cartón / Vidrio / Metal / Plástico / Tetra-brik / Telgopor,Horario de atención del edificio en el que está instalado,SARMIENTO 151,San Nicolas
-58.368317,-34.61861958,Papel / Cartón / Vidrio / Metal / Plástico / Tetra-brik / Telgopor,Horario de atención del edificio en el que está instalado,PASEO COLON AV. 922,San Telmo
-58.36831108,-34.61903424,Papel / Cartón / Vidrio / Metal / Plástico / Tetra-brik / Telgopor,Horario de atención del edificio en el que está instalado,PASEO COLON AV. 922,San Telmo
-58.38584576,-34.57777041,Papel / Cartón / Vidrio / Metal / Plástico / Tetra-brik / Telgopor,Horario de atención del edificio en el que está instalado,"CASTILLO, RAMON S., PRES. AV. 1750",Retiro
-58.36979432,-34.6120402,Papel / Cartón / Vidrio / Metal / Plástico / Tetra-brik / Telgopor,Horario de atención del edificio en el que está instalado,PASEO COLON AV. 367,Monserrat
-58.36981976,-34.61142772,Papel / Cartón / Vidrio / Metal / Plástico / Tetra-brik / Telgopor,Horario de atención del edificio en el que está instalado,PASEO COLON AV. 315,Monserrat
-58.38095968,-34.62637934,Papel / Cartón / Vidrio / Metal / Plástico / Tetra-brik / Telgopor,Miércoles a Domingos de 11 a 19 hs.,"LIMA y GARAY, JUAN DE AV.",Constitucion
-58.39792572,-34.59992824,Papel / Cartón / Vidrio / Metal / Plástico / Tetra-brik / Telgopor,Horario de atención del edificio en el que está instalado,CORDOBA AV. 2122,Balvanera
-58.41527627,-34.59682495,Papel / Cartón / Vidrio / Metal / Plástico / Tetra-brik / Telgopor,Horario de atención del edificio en el que está instalado,"CABRERA, JOSE A. 3484",Recoleta
-58.37752803,-34.6392425,Papel / Cartón / Vidrio / Metal / Plástico / Tetra-brik / Telgopor,Horario de atención del edificio en el que está instalado,HERRERA 813,Barracas
-58.3937484,-34.62373134,Papel / Cartón / Vidrio / Metal / Plástico / Tetra-brik / Telgopor,Horario de atención del edificio en el que está instalado,SARANDI 1273,San Cristobal
-58.40555087,-34.61184594,Papel / Cartón / Vidrio / Metal / Plástico / Tetra-brik / Telgopor,Horario de atención del edificio en el que está instalado,JUJUY AV. 150,Balvanera
-58.39463156,-34.62454728,Papel / Cartón / Vidrio / Metal / Plástico / Tetra-brik / Telgopor,Horario de atención del edificio en el que está instalado,RINCON 1328,San Cristobal
-58.41802556,-34.56295745,Papel / Cartón / Vidrio / Metal / Plástico / Tetra-brik / Telgopor,Horario de atención del edificio en el que está instalado,DORREGO AV. 4045,Palermo
-58.39711263,-34.60711404,Papel / Cartón / Vidrio / Metal / Plástico / Tetra-brik / Telgopor,Horario de atención del edificio en el que está instalado,"PERON, JUAN DOMINGO, TTE. GENERAL 2143",Balvanera
-58.41202767,-34.62044012,Papel / Cartón / Vidrio / Metal / Plástico / Tetra-brik / Telgopor,Horario de atención del edificio en el que está instalado,,
-58.39979731,-34.61095841,Papel / Cartón / Vidrio / Metal / Plástico / Tetra-brik / Telgopor,Horario de atención del edificio en el que está instalado,,
-58.41133312,-34.6247438,Papel / Cartón / Vidrio / Metal / Plástico / Tetra-brik / Telgopor,Horario de atención del edificio en el que está instalado,,
-58.41599907,-34.65194947,Papel / Cartón / Vidrio / Metal / Plástico / Tetra-brik / Telgopor,Miércoles a Domingos de 11 a 19hs.,,
-58.35555032,-34.6344984,Papel / Cartón / Vidrio / Metal / Plástico / Tetra-brik / Telgopor,Miércoles a Domingos de 11 a 19 hs.,,
-58.36703394,-34.64023642,Papel / Cartón / Vidrio / Metal / Plástico / Tetra-brik / Telgopor,Miércoles a Domingos de 11 a 19 hs.,,
-58.37650264,-34.64423445,Papel / Cartón / Vidrio / Metal / Plástico / Tetra-brik / Telgopor,Miércoles a Domingos de 11 a 19 hs.,,
-58.46138024,-34.65098226,Papel / Cartón / Vidrio / Metal / Plástico / Tetra-brik / Telgopor,Horario de atención del edificio en el que está instalado,,
-58.4610148,-34.65136537,Papel / Cartón / Vidrio / Metal / Plástico / Tetra-brik / Telgopor,Horario de atención del edificio en el que está instalado,,
-58.35654842,-34.62888758,Papel / Cartón / Vidrio / Metal / Plástico / Tetra-brik / Telgopor,Horario de atención del edificio en el que está instalado,,
-58.40899366,-34.64411811,Papel / Cartón / Vidrio / Metal / Plástico / Tetra-brik / Telgopor,Horario de atención del edificio en el que está instalado,,
-58.37872867,-34.64330678,Papel / Cartón / Vidrio / Metal / Plástico / Tetra-brik / Telgopor,Horario de atención del edificio en el que está instalado,,
-58.37394464,-34.65454786,Papel / Cartón / Vidrio / Metal / Plástico / Tetra-brik / Telgopor,Horario de atención del edificio en el que está instalado,,
-58.37398372,-34.65472998,Papel / Cartón / Vidrio / Metal / Plástico / Tetra-brik / Telgopor,Horario de atención del edificio en el que está instalado,HERRERA 2424,Barracas
-58.4059436,-34.64138933,Papel / Cartón / Vidrio / Metal / Plástico / Tetra-brik / Telgopor,Horario de atención del edificio en el que está instalado,LOS PATOS 3080,Parque Patricios
-58.39391295,-34.65162221,Papel / Cartón / Vidrio / Metal / Plástico / Tetra-brik / Telgopor,Horario de atención del edificio en el que está instalado,,
-58.40238658,-34.59833744,Papel / Cartón / Vidrio / Metal / Plástico / Tetra-brik / Telgopor,Horario de atención del edificio en el que está instalado,LARREA 854,Recoleta
-58.41327491,-34.63591999,Papel / Cartón / Vidrio / Metal / Plástico / Tetra-brik / Telgopor,Horario de atención del edificio en el que está instalado,,
-58.4146383,-34.61004178,Papel / Cartón / Vidrio / Metal / Plástico / Tetra-brik / Telgopor,Horario de atención del edificio en el que está instalado,,
-58.4405292,-34.61605651,Papel / Cartón / Vidrio / Metal / Plástico / Tetra-brik / Telgopor,Miércoles a Domingos de 11 a 19 hs.,,
-58.43962174,-34.61069676,Papel / Cartón / Vidrio / Metal / Plástico / Tetra-brik / Telgopor,Horario de atención del edificio en el que está instalado,ACOYTE AV. 702,Caballito
-58.44717542,-34.62486876,Papel / Cartón / Vidrio / Metal / Plástico / Tetra-brik / Telgopor,Horario de atención del edificio en el que está instalado,"ALBERDI, JUAN BAUTISTA AV. 1363",Caballito
-58.43523559,-34.61191248,Papel / Cartón / Vidrio / Metal / Plástico / Tetra-brik / Telgopor,Horario de atención del edificio en el que está instalado,CAMPICHUELO 472,Caballito
-58.446293,-34.62717191,Papel / Cartón / Vidrio / Metal / Plástico / Tetra-brik / Telgopor,Horario de atención del edificio en el que está instalado,,
-58.46066932,-34.61111018,Papel / Cartón / Vidrio / Metal / Plástico / Tetra-brik / Telgopor,Horario de atención del edificio en el que está instalado,,
-58.45536399,-34.63259166,Papel / Cartón / Vidrio / Metal / Plástico / Tetra-brik / Telgopor,Miércoles a Domingos de 11 a 19 hs.,,
-58.46358119,-34.63475546,Papel / Cartón / Vidrio / Metal / Plástico / Tetra-brik / Telgopor,Miércoles a Domingos de 11 a 19 hs.,,
-58.46356177,-34.63382403,Papel / Cartón / Vidrio / Metal / Plástico / Tetra-brik / Telgopor,Horario de atención del edificio en el que está instalado,VARELA 358,Flores
-58.47327395,-34.63553878,Papel / Cartón / Vidrio / Metal / Plástico / Tetra-brik / Telgopor,Horario de atención del edificio en el que está instalado,,
-58.46856748,-34.64182223,Papel / Cartón / Vidrio / Metal / Plástico / Tetra-brik / Telgopor,Horario de atención del edificio en el que está instalado,,
-58.46258006,-34.6360405,Papel / Cartón / Vidrio / Metal / Plástico / Tetra-brik / Telgopor,Horario de atención del edificio en el que está instalado,,
-58.44694884,-34.64495034,Papel / Cartón / Vidrio / Metal / Plástico / Tetra-brik / Telgopor,Horario de atención del edificio en el que está instalado,CASTAÑARES AV. 2350,Flores
-58.44106167,-34.63222633,Papel / Cartón / Vidrio / Metal / Plástico / Tetra-brik / Telgopor,Horario de atención del edificio en el que está instalado,"MITRE, EMILIO 956",Parque Chacabuco
-58.44473389,-34.63324484,Papel / Cartón / Vidrio / Metal / Plástico / Tetra-brik / Telgopor,Horario de atención del edificio en el que está instalado,,
-58.47683874,-34.67738896,Aparatos de informática y comunicación (hasta 3 unid. y accesorios) /pequeños electrodomésticos (hasta 3 un.)/ papel / cartón / metal / vidrio / plástico / telgopor / tetra-brik / Aceite Vegetal usado,Miércoles a Domingos de 11 a 19 hs.,"GALLO, DELFIN y LEGUIZAMON, MARTINIANO",Villa Lugano
-58.46568531,-34.68357089,Papel / Cartón / Vidrio / Metal / Plástico / Tetra-brik / Telgopor,Miércoles a Domingos de 11 a 19 hs.,,
-58.46932177,-34.66481782,Papel / Cartón / Vidrio / Metal / Plástico / Tetra-brik / Telgopor,Horario de atención del edificio en el que está instalado,,
-58.440503,-34.65571235,Papel / Cartón / Vidrio / Metal / Plástico / Tetra-brik / Telgopor,Horario de atención del edificio en el que está instalado,,
-58.52722464,-34.65097673,Papel / Cartón / Vidrio / Metal / Plástico / Tetra-brik / Telgopor,Miércoles a Domingos de 11 a 19 hs.,,
-58.51450113,-34.66419105,Papel / Cartón / Vidrio / Metal / Plástico / Tetra-brik / Telgopor,Miércoles a Domingos de 11 a 19 hs.,,
-58.52342025,-34.64514946,Papel / Cartón / Vidrio / Metal / Plástico / Tetra-brik / Telgopor,Miércoles a Domingos de 11 a 19 hs.,,
-58.51942889,-34.63372563,Papel / Cartón / Vidrio / Metal / Plástico / Tetra-brik / Telgopor,Horario de atención del edificio en el que está instalado,"JUSTO, JUAN B. AV. 9200",Liniers
-58.51990867,-34.63361273,Papel / Cartón / Vidrio / Metal / Plástico / Tetra-brik / Telgopor,Horario de atención del edificio en el que está instalado,,
-58.50514543,-34.65315865,Papel / Cartón / Vidrio / Metal / Plástico / Tetra-brik / Telgopor,Horario de atención del edificio en el que está instalado,MURGUIONDO 1568,Mataderos
-58.51488214,-34.6435071,Papel / Cartón / Vidrio / Metal / Plástico / Tetra-brik / Telgopor,Horario de atención del edificio en el que está instalado,CAAGUAZU 6151,Liniers
-58.52135316,-34.63655961,Papel / Cartón / Vidrio / Metal / Plástico / Tetra-brik / Telgopor,Horario de atención del edificio en el que está instalado,,
-58.47588889,-34.64496898,Papel / Cartón / Vidrio / Metal / Plástico / Tetra-brik / Telgopor,Horario de atención del edificio en el que está instalado,,
-58.47653245,-34.64510413,Papel / Cartón / Vidrio / Metal / Plástico / Tetra-brik / Telgopor,Horario de atención del edificio en el que está instalado,,
-58.52555863,-34.61648938,Papel / Cartón / Vidrio / Metal / Plástico / Tetra-brik / Telgopor,Miércoles a Domingos de 11 a 19 hs.,,
-58.52160413,-34.63327729,Papel / Cartón / Vidrio / Metal / Plástico / Tetra-brik / Telgopor,Miércoles a Domingos de 11 a 19 hs.,ALVAREZ JONTE AV. 6383,Liniers
-58.49763128,-34.61754938,Papel / Cartón / Vidrio / Metal / Plástico / Tetra-brik / Telgopor,Miércoles a Domingos de 11 a 19 hs.,,
-58.50837643,-34.61916896,Papel / Cartón / Vidrio / Metal / Plástico / Tetra-brik / Telgopor,Miércoles a Domingos de 11 a 19 hs.,,
-58.47640153,-34.63741754,Papel / Cartón / Vidrio / Metal / Plástico / Tetra-brik / Telgopor,Horario de atención del edificio en el que está instalado,"BONIFACIO, JOSE 3650",Floresta
-58.48176686,-34.6345908,Papel / Cartón / Vidrio / Metal / Plástico / Tetra-brik / Telgopor,Horario de atención del edificio en el que está instalado,"ACOSTA, MARIANO AV. 45",Velez Sarsfield
-58.52524119,-34.62175696,Papel / Cartón / Vidrio / Metal / Plástico / Tetra-brik / Telgopor,Horario de atención del edificio en el que está instalado,IRIGOYEN 2150,Villa Real
-58.41311008,-34.59435282,Papel / Cartón / Vidrio / Metal / Plástico / Tetra-brik / Telgopor,Horario de atención del edificio en el que está instalado,,
-58.42113474,-34.62829502,Papel / Cartón / Vidrio / Metal / Plástico / Tetra-brik / Telgopor,Horario de atención del edificio en el que está instalado,,
-58.49043748,-34.6423754,Papel / Cartón / Vidrio / Metal / Plástico / Tetra-brik / Telgopor,Horario de atención del edificio en el que está instalado,,
-58.49544534,-34.62370371,Papel / Cartón / Vidrio / Metal / Plástico / Tetra-brik / Telgopor,Horario de atención del edificio en el que está instalado,,
-58.52244345,-34.62602105,Papel / Cartón / Vidrio / Metal / Plástico / Tetra-brik / Telgopor,Horario de atención del edificio en el que está instalado,,
-58.5272422,-34.62084537,Papel / Cartón / Vidrio / Metal / Plástico / Tetra-brik / Telgopor,Horario de atención del edificio en el que está instalado,SIMBRON 5855,Villa Real
-58.52289592,-34.61299608,Papel / Cartón / Vidrio / Metal / Plástico / Tetra-brik / Telgopor,Miércoles a Domingos de 11 a 19 hs.,,
-58.51322575,-34.60693864,Papel / Cartón / Vidrio / Metal / Plástico / Tetra-brik / Telgopor,Horario de atención del edificio en el que está instalado,,
-58.48120267,-34.57108974,Papel / Cartón / Vidrio / Metal / Plástico / Tetra-brik / Telgopor,Miércoles a Domingos de 11 a 19 hs.,,
-58.48932201,-34.56497675,Papel / Cartón / Vidrio / Metal / Plástico / Tetra-brik / Telgopor,Horario de atención del edificio en el que está instalado,GALVAN 3300,Villa Urquiza
-58.51072929,-34.57791142,Papel / Cartón / Vidrio / Metal / Plástico / Tetra-brik / Telgopor,Horario de atención del edificio en el que está instalado,,
-58.49466549,-34.57753425,Papel / Cartón / Vidrio / Metal / Plástico / Tetra-brik / Telgopor,Horario de atención del edificio en el que está instalado,,
-58.45831797,-34.57730678,Papel / Cartón / Vidrio / Metal / Plástico / Tetra-brik / Telgopor,Miércoles a Domingos de 11 a 19 hs.,,
-58.46184415,-34.5488122,Papel / Cartón / Vidrio / Metal / Plástico / Tetra-brik / Telgopor,Miércoles a Domingos de 11 a 19 hs.,,
-58.47737384,-34.55014224,Papel / Cartón / Vidrio / Metal / Plástico / Tetra-brik / Telgopor,Miércoles a Domingos de 11 a 19 hs.,,
-58.45968788,-34.57534457,Papel / Cartón / Vidrio / Metal / Plástico / Tetra-brik / Telgopor,Horario de atención del edificio en el que está instalado,ELCANO AV. 3380,Colegiales
-58.4652044,-34.55301461,Papel / Cartón / Vidrio / Metal / Plástico / Tetra-brik / Telgopor,Horario de atención del edificio en el que está instalado,CABILDO AV. 3190,Nuñez
-58.4461427,-34.55649267,Papel / Cartón / Vidrio / Metal / Plástico / Tetra-brik / Telgopor,Horario de atención del edificio en el que está instalado,MIGUELETES 2039,Belgrano
-58.43917874,-34.55133394,Papel / Cartón / Vidrio / Metal / Plástico / Tetra-brik / Telgopor,Horario de atención del edificio en el que está instalado,,
-58.45704218,-34.54655195,Papel / Cartón / Vidrio / Metal / Plástico / Tetra-brik / Telgopor,Horario de atención del edificio en el que está instalado,DEL LIBERTADOR AV. 7199,Nuñez
-58.44343705,-34.5483859,Papel / Cartón / Vidrio / Metal / Plástico / Tetra-brik / Telgopor,Horario de atención del edificio en el que está instalado,MONROE 801,Belgrano
-58.44334581,-34.55855775,Papel / Cartón / Vidrio / Metal / Plástico / Tetra-brik / Telgopor,Horario de atención del edificio en el que está instalado,LA PAMPA 1376,Belgrano
-58.4103484,-34.58333653,Papel / Cartón / Vidrio / Metal / Plástico / Tetra-brik / Telgopor,Miércoles a Domingos de 11 a 19 hs.,"SALGUERO, JERONIMO 2450",Palermo
-58.42151882,-34.574408,Papel / Cartón / Vidrio / Metal / Plástico / Tetra-brik / Telgopor,Horario de atención del edificio en el que está instalado,GODOY CRUZ y DEMARIA,Palermo
-58.43930214,-34.56406774,Papel / Cartón / Vidrio / Metal / Plástico / Tetra-brik / Telgopor,Horario de atención del edificio en el que está instalado,"LACROZE, FEDERICO 1755",Palermo
-58.4172538,-34.59185632,Papel / Cartón / Vidrio / Metal / Plástico / Tetra-brik / Telgopor,Horario de atención del edificio en el que está instalado,SOLER 3929,Palermo
-58.49611905,-34.59935371,Papel / Cartón / Vidrio / Metal / Plástico / Tetra-brik / Telgopor,Horario de atención del edificio en el que está instalado,SIMBRON 3160,Villa Del Parque
-58.4280061,-34.55998058,Papel / Cartón / Vidrio / Metal / Plástico / Tetra-brik / Telgopor,Horario de atención del edificio en el que está instalado,,
-58.3979782,-34.57015893,Papel / Cartón / Vidrio / Metal / Plástico / Tetra-brik / Telgopor,Horario de atención del edificio en el que está instalado,,
-58.39730228,-34.57051014,Papel / Cartón / Vidrio / Metal / Plástico / Tetra-brik / Telgopor,Horario de atención del edificio en el que está instalado,,
-58.40357915,-34.61833657,Papel / Cartón / Vidrio / Metal / Plástico / Tetra-brik / Telgopor,Horario de atención del edificio en el que está instalado,JUJUY AV. 780,Balvanera
-58.49259237,-34.58829355,Papel / Cartón / Vidrio / Metal / Plástico / Tetra-brik / Telgopor,Horario de atención del edificio en el que está instalado,NUEVA YORK 2467,Agronomia
-58.4900411,-34.59126746,Papel / Cartón / Vidrio / Metal / Plástico / Tetra-brik / Telgopor,Horario de atención del edificio en el que está instalado,NAVARRO 2460,Agronomia
-58.44891234,-34.59256113,Papel / Cartón / Vidrio / Metal / Plástico / Tetra-brik / Telgopor,Horario de atención del edificio en el que está instalado,GUZMAN 19,Chacarita
-58.44491158,-34.6051325,Papel / Cartón / Vidrio / Metal / Plástico / Tetra-brik / Telgopor,Horario de atención del edificio en el que está instalado,ANTEZANA 340,Villa Crespo
-58.47128747,-34.59663869,Papel / Cartón / Vidrio / Metal / Plástico / Tetra-brik / Telgopor,Horario de atención del edificio en el que está instalado,WARNES AV. 2450,Paternal
-58.44791198,-34.60672105,Papel / Cartón / Vidrio / Metal / Plástico / Tetra-brik / Telgopor,Miércoles a Domingos de 11 a 19 hs.,ROJAS y ANTEZANA,Villa Crespo
-58.38385144,-34.59790662,Aparatos de informática y comunicación (hasta 3 unid. y accesorios) /pequeños electrodomésticos (hasta 3 un.)/ papel / cartón / metal / vidrio / plástico / telgopor / tetra-brik / Aceite Vegetal usado,Miércoles a Domingos de 11 a 19 hs.,PARAGUAY y LIBERTAD,Retiro
-58.36823968,-34.61198252,Papel / Cartón / Vidrio / Metal / Plástico / Tetra-brik / Telgopor,Miércoles a Domingos de 11 a 19 hs.,AZOPARDO y BELGRANO AV.,Monserrat
-58.44353101,-34.55871644,Papel / Cartón / Vidrio / Metal / Plástico / Tetra-brik / Telgopor,Horario de atención del edificio en el que está instalado,LA PAMPA 1376,Belgrano
-58.44206344,-34.54931718,Papel / Cartón / Vidrio / Metal / Plástico / Tetra-brik / Telgopor / Aceite vegetal usado,Miércoles a Domingos de 11 a 19hs.,RAMSAY y BLANCO ENCALADA,Belgrano
-58.45485286,-34.58450283,Papel / Cartón / Vidrio / Metal / Plástico / Tetra-brik / Telgopor / Aceite vegetal usado,Miércoles a Domingos de 11 a 19 hs.,"FOREST AV. y GARCIA, TEODORO",Chacarita
-58.41684741,-34.6278405,Papel / Cartón / Vidrio / Metal / Plástico / Tetra-brik / Telgopor / Aceite vegetal usado,Miércoles a Domingos de 11 a 19hs.,CONSTITUCION y COLOMBRES,Boedo
-58.40829087,-34.61000079,Papel / Cartón / Vidrio / Metal / Plástico / Tetra-brik / Telgopor / Aceite vegetal usado,Miércoles a Domingos de 11 a 19 hs.,RIVADAVIA AV. y ECUADOR,Balvanera
-58.44337895,-34.61255013,Papel / Cartón / Vidrio / Metal / Plástico / Tetra-brik / Telgopor / Aceite vegetal usado,Miércoles a Domingos de 11 a 19 hs.,"COLPAYO y VALLESE, FELIPE",Caballito
-58.3956417,-34.63555192,Papel / Cartón / Vidrio / Metal / Plástico / Tetra-brik / Telgopor / Aceite vegetal usado,Miércoles a Domingos de 11 a 19 hs.,CASEROS AV. y MONASTERIO,Parque Patricios
-58.49356785,-34.6288651,Papel / Cartón / Vidrio / Metal / Plástico / Tetra-brik / Telgopor / Aceite vegetal usado,Miércoles a Domingos de 11 a 19 hs.,"JUSTO, JUAN B. AV. y GAONA AV.",Velez Sarsfield
-58.49237492,-34.62036157,Papel / Cartón / Vidrio / Metal / Plástico / Tetra-brik / Telgopor / Aceite vegetal usado,Miércoles a Domingos de 11 a 19 hs.,CHIVILCOY y CAMARONES,Floresta
-58.48265175,-34.63553887,Papel / Cartón / Vidrio / Metal / Plástico / Tetra-brik / Telgopor / Aceite vegetal usado,Miércoles a Domingos de 11 a 19 hs.,,
